n,t1_time,t1_value,t1_abs_error,t1_rel_error,t1_status,t2_time,t2_value,t2_abs_error,t2_rel_error,t2_status
10,0.07434012499970777,54.44310405643739,0.1550459767068446,0.0028397661205136573,ok,0.06145154099976935,54.44310405643739,0.1550459767068446,0.0028397661205136573,ok
100,0.059053916999801004,54.59815003314424,7.105427357601002e-15,1.3014044163195267e-16,ok,0.06016945900000792,54.598150033144265,2.842170943040401e-14,5.205617665278107e-16,ok
1000,0.059201333000146406,54.59815003314424,7.105427357601002e-15,1.3014044163195267e-16,ok,0.1522319589998915,54.598150033144265,2.842170943040401e-14,5.205617665278107e-16,ok
10000,0.06602241700011291,54.59815003314424,7.105427357601002e-15,1.3014044163195267e-16,ok,15.002338291000342,,,,TimeoutError('supero 15.0s')
100000,0.0815571660000387,54.59815003314424,7.105427357601002e-15,1.3014044163195267e-16,ok,15.003496708000057,,,,TimeoutError('supero 15.0s')
1000000,0.12851845800014416,54.59815003314424,7.105427357601002e-15,1.3014044163195267e-16,ok,15.003752082999654,,,,TimeoutError('supero 15.0s')
