n,t1_time,t1_value,t1_abs_error,t1_rel_error,t1_status,t2_time,t2_value,t2_abs_error,t2_rel_error,t2_status
10,0.08264845799931209,54.44310405643739,0.1550459767068446,0.0028397661205136573,ok,0.06645845799903327,54.44310405643739,0.1550459767068446,0.0028397661205136573,ok
100,0.06608733400025812,54.59815003314424,7.105427357601002e-15,1.3014044163195267e-16,ok,0.06633137499920849,54.598150033144265,2.842170943040401e-14,5.205617665278107e-16,ok
1000,0.06576887499977602,54.59815003314424,7.105427357601002e-15,1.3014044163195267e-16,ok,0.16143854199981433,54.598150033144265,2.842170943040401e-14,5.205617665278107e-16,ok
10000,0.07010554100088484,54.59815003314424,7.105427357601002e-15,1.3014044163195267e-16,ok,15.002382374999797,,,,TimeoutError('supero 15.0s')
100000,0.07257237500016345,54.59815003314424,7.105427357601002e-15,1.3014044163195267e-16,ok,15.003276665998783,,,,TimeoutError('supero 15.0s')
1000000,0.12353508299929672,54.59815003314424,7.105427357601002e-15,1.3014044163195267e-16,ok,15.004479416000322,,,,TimeoutError('supero 15.0s')
