n,t1_time,t1_value,t1_abs_error,t1_rel_error,t1_status,t2_time,t2_value,t2_abs_error,t2_rel_error,t2_status,t3_time,t3_value,t3_abs_error,t3_rel_error,t3_status
10,0.19185504200004289,54.44310405643739,0.1550459767068446,0.0028397661205136573,ok,0.06581741599984525,54.44310405643739,0.1550459767068446,0.0028397661205136573,ok,0.07038208299991311,54.15414462081129,0.4440054123329489,0.008132242796933814,ok
100,0.06891358300003958,54.59815003314424,7.105427357601002e-15,1.3014044163195267e-16,ok,0.06831987500004288,54.598150033144265,2.842170943040401e-14,5.205617665278107e-16,ok,0.06765295799982596,54.598150033144265,2.842170943040401e-14,5.205617665278107e-16,ok
1000,0.06547608300002139,54.59815003314424,7.105427357601002e-15,1.3014044163195267e-16,ok,0.16294349999998303,54.598150033144265,2.842170943040401e-14,5.205617665278107e-16,ok,0.06863737499998024,54.598150033144265,2.842170943040401e-14,5.205617665278107e-16,ok
10000,0.06919558300000972,54.59815003314424,7.105427357601002e-15,1.3014044163195267e-16,ok,25.002326332999928,,,,TimeoutError('supero 25.0s'),0.0719650419998743,54.598150033144265,2.842170943040401e-14,5.205617665278107e-16,ok
100000,0.07731362499998795,54.59815003314424,7.105427357601002e-15,1.3014044163195267e-16,ok,25.003585208000004,,,,TimeoutError('supero 25.0s'),0.07932620900010079,54.598150033144265,2.842170943040401e-14,5.205617665278107e-16,ok
1000000,0.14076758300006986,54.59815003314424,7.105427357601002e-15,1.3014044163195267e-16,ok,25.004468791000136,,,,TimeoutError('supero 25.0s'),0.13175616700027604,54.598150033144265,2.842170943040401e-14,5.205617665278107e-16,ok
