n,t1_time,t1_value,t1_abs_error,t1_rel_error,t1_status,t2_time,t2_value,t2_abs_error,t2_rel_error,t2_status,t3_time,t3_value,t3_abs_error,t3_rel_error,t3_status
10,0.09575062499970954,54.44310405643739,0.1550459767068446,0.0028397661205136573,ok,0.06892641699960222,54.44310405643739,0.1550459767068446,0.0028397661205136573,ok,0.06853562499964028,54.15414462081129,0.4440054123329489,0.008132242796933814,ok
100,0.07068533300025592,54.59815003314424,7.105427357601002e-15,1.3014044163195267e-16,ok,0.10763049999968644,54.598150033144265,2.842170943040401e-14,5.205617665278107e-16,ok,0.06781879200025287,54.598150033144265,2.842170943040401e-14,5.205617665278107e-16,ok
1000,0.06965608300015447,54.59815003314424,7.105427357601002e-15,1.3014044163195267e-16,ok,0.16566912500002218,54.598150033144265,2.842170943040401e-14,5.205617665278107e-16,ok,0.06879254199975549,54.598150033144265,2.842170943040401e-14,5.205617665278107e-16,ok
10000,0.07949429099971894,54.59815003314424,7.105427357601002e-15,1.3014044163195267e-16,ok,25.003104959000666,,,,TimeoutError('supero 25.0s'),0.08014800000000832,54.598150033144265,2.842170943040401e-14,5.205617665278107e-16,ok
100000,0.07210020799993799,54.59815003314424,7.105427357601002e-15,1.3014044163195267e-16,ok,25.003746750000573,,,,TimeoutError('supero 25.0s'),0.07075041600000986,54.598150033144265,2.842170943040401e-14,5.205617665278107e-16,ok
1000000,0.11755725000057282,54.59815003314424,7.105427357601002e-15,1.3014044163195267e-16,ok,25.003719792000084,,,,TimeoutError('supero 25.0s'),0.10822370799996861,54.598150033144265,2.842170943040401e-14,5.205617665278107e-16,ok
